tomdsfssds, borissdssd
tom , 12
tom , 1
tom , 5
5, 5
5, 5
5, 5
5, 5
5, 5
5, 5
5, 5
5, 5
5, 5
5, 5
5, 5
5, 5
5, 5
5, 5
5, 5
5, 5
5, 5
5, 5
5, 5
5, 5
5, 5
5, 5
5, 5
5, 5
5, 5
5, 5
5, 3
5, 3
5, 3
5, 1
5, 9
5, 2024
5, 5
5, 3
5, 2
3, 6
, 8
, 8
, 2005
, 2005
, 2005
, 2005
, 1155
, 1155
, 1155
, 1155
, 1155
, 1157
, 1132
, 1234
, 3000
, 1234
, 4321
, 4321
, 4321
, 4311
, 4312
, 4313
, 4314
, 4315
, 4321
, 4322
, 4323
, 4324
, 4325
, 4331
, 4332
, 4333
, 4334
, 4335
, 4341
, 4342
, 4343
, 4344
, 4345
, 4351
, 4352
, 4353
, 4354
, 4355
, 4311
, 4312
, 4313
, 4314
, 4315
, 4321
, 4322
, 4323
, 4324
, 4325
, 4331
, 4332
, 4311
, 4312
, 4313
, 4314
, 4315
, 4321
, 4322
, 4323
, 4324
, 4325
, 4331
, 4332
, 4333
, 4334
, 4335
, 4341
, 4342
, 4343
, 4344
, 4345
, 4351
, 4352
, 4353
, 4354
, 4355
, 4311
, 4312
, 4313
, 4314
, 4315
, 4321
, 4322
, 4323
, 4324
, 4325
, 4331
, 4332
, 4333
, 4334
, 4335
, 4341
, 4342
, 4343
, 4344
, 4345
, 4351
, 4352
, 4353
, 4354
, 4355
, 4311
, 4312
, 4313
, 4314
, 4315
, 4321
, 4322
, 4323
, 4324
, 4325
, 4331
, 4332
, 4333
, 4334
, 4335
, 4341
, 4342
, 4343
, 4344
, 4345
, 4351
, 4352
, 4353
, 4354
, 4355
, 4311
, 4312
, 4313
, 4314
, 4315
, 4321
, 4322
, 4323
, 4324
, 4325
, 4331
, 4332
, 4333
, 4334
, 4335
, 4341
, 4342
, 4343
, 4344
, 4345
, 4351
, 4352
, 4353
, 4354
, 4355
, 431310
, 439920
, 431441
, 431744
, 431819
, 432731
, 431307
, 433247
, 432475
, 432822
, 436694
, 431823
, 431182
, 432176
, 431845
, 432106
, 435371
, 432788
, 435324
, 433114
, 432725
, 432095
, 431990
, 431910
, 439599
, 434228
, 433257
, 432703
, 432156
, 432367
, 435205
, 431779
, 431455
, 431071
, 439430
, 432744
, 432616
, 431821
, 432858
, 432007
, 431476
, 433936
, 432069
, 433184
, 433012
, 431926
, 432725
, 431318
, 432317
, 433030
, 437859
, 439953
, 431592
, 432584
, 435683
, 432748
, 438773
, 432179
, 432409
, 432222
, 439161
, 431174
, 432785
, 431719
, 433072
, 431880
, 431115
, 433139
, 432571
, 439469
, 431879
, 439978
, 432757
, 433261
, 432776
, 433218
, 434741
, 432001
, 431524
, 433115
, 436427
, 435586
, 432595
, 438681
, 432908
, 432967
, 1474
, 1184
, 8104
, 2685
, 8351
, 2644
, 5478
, 3104
, 5487
, 2741
, 2737
, 1763
, 2983
, 1548
, 2098
, 1438
, 1717
, 2657
, 6906
, 3215
, 1900
, 4818
, 1919
, 3209
, 2270
, 8190
, 1319
, 1426
, 1874
, 2391
, 2891
, 2619
, 1115
, 2314
, 1295
, 1300
, 1798
, 4939
, 1905
, 5028
, 4113
, 2558
, 2296
, 1153
, 3411
, 2178
, 1063
, 2395
, 2834
, 7221
, 2812
, 2065
, 7276
, 1803
, 6693
, 6844
, 2967
, 2138
, 1655
, 2168
, 3074
, 9080
, 2866
, 1969
, 1801
, 1080
, 3088
, 1046
, 1147
, 2758
, 1249
, 5594
, 2019
, 1920
, 2671
, 2303
, 2087
, 2154
, 1385
, 4791
, 1834
, 2895
, 1016
, 1468
, 2029
, 6989
, 1401
, 1629
, 1642
, 2148
, 2005
, 3015
, 3071
, 2499
, 5625
, 5683
, 2857
, 3887
, 1199
, 6009
, 1656
, 9763
, 5267
, 3115
, 5671
, 1648
, 1880
, 1755
, 1071
, 1453
, 2048
, 1464
, 3267
, 2534
, 3117
, 1308
, 1885
, 1136
, 2323
, 4702
, 1678
, 1134
, 2759
, 1072
, 9710
, 3051
, 2456
, 1979
, 2528
, 1395
, 3586
, 2582
, 4585
, 1876
, 1108
, 1026
, 3246
, 2607
, 1061
, 6395
, 7471
, 8415
, 2461
, 7971
, 1256
, 3119
, 1493
, 2051
, 1898
, 1330
, 4118
, 1573
, 2993
, 1196
, 5476
, 3046
, 3872
, 2522
, 3167
, 2321
, 1344
, 5957
, 3233
, 9900
, 2396
, 9687
, 2384
, 6649
, 2194
, 7362
, 2181
, 1972
, 7500
, 1682
, 2468
, 1649
, 1638
, 4717
, 1798
, 1456
, 1263
, 5711
, 1372
, 7121
, 3166
, 3236
, 1536
, 5018
, 7137
, 9663
, 1138
, 2329
, 3025
, 1660
, 8036
, 2157
, 2990
, 2255
, 5105
, 7563
, 2867
, 1063
, 3151
, 8474
, 4714
, 1949
, 3200
, 1337
, 2008
, 3056
, 3261
, 2778
, 1714
, 3073
, 7855
, 4592
, 1381
, 2104
, 2179
, 1052
, 5506
, 1954
, 1426
, 8261
, 2564
, 2111
, 2153
, 1404
, 1645
, 3366
, 9669
, 3265
, 2298
, 9506
, 2014
, 7651
, 2526
, 1484
, 5099
, 9313
, 1721
, 2961
, 2277
, 1329
, 1046
, 5761
, 3320
, 2657
, 1812
, 1249
, 1060
, 2534
, 2202
, 7891
, 1197
, 1346
, 4043
, 2668
, 1740
, 3170
, 1555
, 3060
, 1734
, 2069
, 1458
, 1614
, 2307
, 1398
, 2445
, 1864
, 1300
, 2334
, 2991
, 9430
, 3102
, 1165
, 2758
, 1579
, 2552
, 1609
, 1954
, 1505
, 2906
, 2738
, 2159
, 9923
, 1424
, 1119
, 5423
, 1776
, 2224
, 1502
, 1012
, 1472
, 2650
, 1330
, 1087
, 1374
, 2791
, 2646
, 1305
, 1337
, 1375
, 2606
, 2107
, 2917
, 2792
, 5465
, 2915
, 3131
, 2051
, 2392
, 1808
, 2747
, 5281
, 2082
, 2816
, 8882
, 6447
, 2051
, 2906
, 3254
, 2546
, 2018
, 2350
, 9053
, 2144
, 1966
, 1331
, 1716
, 2478
, 2275
, 6130
, 2842
, 6428
, 1112
, 2147
, 3053
, 1152
, 7186
, 3096
, 9558
, 1332
, 1172
, 4959
, 1345
, 2093
, 1658
, 2931
, 1679
, 5299
, 5503
, 3071
, 1713
, 3216
, 2696
, 1406
, 7598
, 2819
, 3171
, 2878
, 2854
, 1366
, 3054
, 1969
, 3110
, 2025
, 2223
, 3040
, 2968
, 1791
, 1108
, 1928
, 3064
, 1782
, 1309
, 3082
, 2718
, 1120
, 3043
, 3014
, 7621
, 2420
, 1498
, 4868
, 3127
, 3388
, 9619
, 2634
, 9733
, 2373
, 6151
, 8131
, 1895
, 2838
, 7920
, 5310
, 2266
, 1573
, 1322
, 6463
, 9986
, 2658
, 8751
, 2917
, 1262
, 1703
, 2179
, 1186
, 2752
, 9381
, 4292
, 6145
, 1703
, 6456
, 1040
, 2698
, 3135
, 6788
, 1360
, 2537
, 1201
, 9430
, 2168
, 1318
, 1870
, 2585
, 8931
, 6790
, 8709
, 2939
, 2618
, 2586
, 2854
, 2101
, 1469
, 1896
, 2014
, 2139
, 1260
, 2141
, 1340
, 2930
, 1159
, 50
, 10
, 20
